{
    "Current Day 1: ": 226.21000671386722,
    "Projected Day 1: ": 219.8439178466797,
    "Projected Day 3: ": 222.4191131591797,
    "Projected Week 1:": 215.5614013671875
}
{
    "Current Day 1: ": 185.1300048828125,
    "Projected Day 1: ": 184.5870361328125,
    "Projected Day 3: ": 187.47122192382812,
    "Projected Week 1:": 186.8582763671875
}
{
    "Current Day 1: ": 17.200000762939453,
    "Projected Day 1: ": 16.95759391784668,
    "Projected Day 3: ": 17.139467239379883,
    "Projected Week 1:": 16.63374900817871
}
{
    "Current Day 1: ": 146.8000030517578,
    "Projected Day 1: ": 142.54664611816406,
    "Projected Day 3: ": 150.8544921875,
    "Projected Week 1:": 142.59912109375
}
{
    "Current Day 1: ": 166.99000549316406,
    "Projected Day 1: ": 162.72882080078125,
    "Projected Day 3: ": 162.48391723632812,
    "Projected Week 1:": 158.20803833007812
}
{
    "Current Day 1: ": 22.13637351989746,
    "Projected Day 1: ": 22.230262756347656,
    "Projected Day 3: ": 22.22386360168457,
    "Projected Week 1:": 22.18189811706543
}
{
    "Current Day 1: ": 576.469970703125,
    "Projected Day 1: ": 556.1390991210938,
    "Projected Day 3: ": 569.3258666992188,
    "Projected Week 1:": 543.375732421875
}
{
    "Current Day 1: ": 420.69000244140625,
    "Projected Day 1: ": 415.2096862792969,
    "Projected Day 3: ": 422.6711730957031,
    "Projected Week 1:": 414.783447265625
}
{
    "Current Day 1: ": 117.0,
    "Projected Day 1: ": 118.17425537109375,
    "Projected Day 3: ": 119.96070098876953,
    "Projected Week 1:": 126.68101501464844
}